-- phpMyAdmin SQL Dump
-- version 5.2.1
-- https://www.phpmyadmin.net/
--
-- Host: localhost:3306
-- Generation Time: Jun 21, 2024 at 07:31 AM
-- Server version: 8.0.32
-- PHP Version: 8.1.10

SET SQL_MODE = "NO_AUTO_VALUE_ON_ZERO";
START TRANSACTION;
SET time_zone = "+00:00";


/*!40101 SET @OLD_CHARACTER_SET_CLIENT=@@CHARACTER_SET_CLIENT */;
/*!40101 SET @OLD_CHARACTER_SET_RESULTS=@@CHARACTER_SET_RESULTS */;
/*!40101 SET @OLD_COLLATION_CONNECTION=@@COLLATION_CONNECTION */;
/*!40101 SET NAMES utf8mb4 */;

--
-- Database: `spk_ahp`
--

-- --------------------------------------------------------

--
-- Table structure for table `ahp_analisa_alternatif`
--

CREATE TABLE `ahp_analisa_alternatif` (
  `alternatif_pertama` varchar(2) NOT NULL,
  `nilai_analisa_alternatif` double NOT NULL,
  `hasil_analisa_alternatif` double DEFAULT NULL,
  `alternatif_kedua` varchar(2) NOT NULL,
  `id_kriteria` varchar(2) NOT NULL
) ENGINE=InnoDB DEFAULT CHARSET=latin1;

--
-- Dumping data for table `ahp_analisa_alternatif`
--

INSERT INTO `ahp_analisa_alternatif` (`alternatif_pertama`, `nilai_analisa_alternatif`, `hasil_analisa_alternatif`, `alternatif_kedua`, `id_kriteria`) VALUES
('A1', 1, 0.087443161944736, 'A1', 'C1'),
('A1', 1, 0.061102285225467, 'A1', 'C2'),
('A1', 1, 0.08545547769612, 'A1', 'C3'),
('A1', 1, 0.015384615384615, 'A1', 'C4'),
('A1', 5, 0.072463768115942, 'A2', 'C1'),
('A1', 3, 0.12968486577616, 'A2', 'C2'),
('A1', 4, 0.16579623642543, 'A2', 'C3'),
('A1', 1, 0.015384615384615, 'A2', 'C4'),
('A1', 7, 0.13122621524849, 'A3', 'C1'),
('A1', 4, 0.058823529411765, 'A3', 'C2'),
('A1', 7, 0.10144927536232, 'A3', 'C3'),
('A1', 9, 0.12328767123288, 'A3', 'C4'),
('A1', 4, 0.058823529411765, 'A4', 'C1'),
('A1', 0.333, 0.0059112775815242, 'A4', 'C2'),
('A1', 0.143, 0.0027851898019204, 'A4', 'C3'),
('A1', 9, 0.12328767123288, 'A4', 'C4'),
('A1', 4, 0.058823529411765, 'A5', 'C1'),
('A1', 0.5, 0.0095238095238095, 'A5', 'C2'),
('A1', 0.5, 0.0096878572397357, 'A5', 'C3'),
('A1', 9, 0.12328767123288, 'A5', 'C4'),
('A1', 4, 0.058823529411765, 'A6', 'C1'),
('A1', 4, 0.066666666666667, 'A6', 'C2'),
('A1', 3, 0.057325205893031, 'A6', 'C3'),
('A1', 9, 0.12328767123288, 'A6', 'C4'),
('A1', 7, 0.1044776119403, 'A7', 'C1'),
('A1', 5, 0.079365079365079, 'A7', 'C2'),
('A1', 2, 0.035087719298246, 'A7', 'C3'),
('A1', 9, 0.12328767123288, 'A7', 'C4'),
('A1', 5, 0.074626865671642, 'A8', 'C1'),
('A1', 3, 0.066162362437421, 'A8', 'C2'),
('A1', 3, 0.044776119402985, 'A8', 'C3'),
('A1', 9, 0.12328767123288, 'A8', 'C4'),
('A1', 9, 0.12328767123288, 'A9', 'C1'),
('A1', 9, 0.16206579871428, 'A9', 'C2'),
('A1', 7, 0.13409961685824, 'A9', 'C3'),
('A1', 9, 0.12328767123288, 'A9', 'C4'),
('A2', 0.2, 0.017488632388947, 'A1', 'C1'),
('A2', 0.333, 0.020347060980081, 'A1', 'C2'),
('A2', 0.25, 0.02136386942403, 'A1', 'C3'),
('A2', 1, 0.015384615384615, 'A1', 'C4'),
('A2', 1, 0.014492753623188, 'A2', 'C1'),
('A2', 1, 0.043228288592055, 'A2', 'C2'),
('A2', 1, 0.041449059106358, 'A2', 'C3'),
('A2', 1, 0.015384615384615, 'A2', 'C4'),
('A2', 9, 0.1687194196052, 'A3', 'C1'),
('A2', 9, 0.13235294117647, 'A3', 'C2'),
('A2', 7, 0.10144927536232, 'A3', 'C3'),
('A2', 9, 0.12328767123288, 'A3', 'C4'),
('A2', 9, 0.13235294117647, 'A4', 'C1'),
('A2', 5, 0.088757921644507, 'A4', 'C2'),
('A2', 5, 0.097384258808406, 'A4', 'C3'),
('A2', 9, 0.12328767123288, 'A4', 'C4'),
('A2', 9, 0.13235294117647, 'A5', 'C1'),
('A2', 5, 0.095238095238095, 'A5', 'C2'),
('A2', 5, 0.096878572397357, 'A5', 'C3'),
('A2', 9, 0.12328767123288, 'A5', 'C4'),
('A2', 9, 0.13235294117647, 'A6', 'C1'),
('A2', 5, 0.083333333333333, 'A6', 'C2'),
('A2', 3, 0.057325205893031, 'A6', 'C3'),
('A2', 9, 0.12328767123288, 'A6', 'C4'),
('A2', 9, 0.13432835820896, 'A7', 'C1'),
('A2', 3, 0.047619047619048, 'A7', 'C2'),
('A2', 4, 0.070175438596491, 'A7', 'C3'),
('A2', 9, 0.12328767123288, 'A7', 'C4'),
('A2', 9, 0.13432835820896, 'A8', 'C1'),
('A2', 5, 0.11027060406237, 'A8', 'C2'),
('A2', 9, 0.13432835820896, 'A8', 'C3'),
('A2', 9, 0.12328767123288, 'A8', 'C4'),
('A2', 9, 0.12328767123288, 'A9', 'C1'),
('A2', 9, 0.16206579871428, 'A9', 'C2'),
('A2', 9, 0.17241379310345, 'A9', 'C3'),
('A2', 9, 0.12328767123288, 'A9', 'C4'),
('A3', 0.143, 0.012504372158097, 'A1', 'C1'),
('A3', 0.25, 0.015275571306367, 'A1', 'C2'),
('A3', 0.143, 0.012220133310545, 'A1', 'C3'),
('A3', 9, 0.13846153846154, 'A1', 'C4'),
('A3', 9, 0.1304347826087, 'A2', 'C1'),
('A3', 9, 0.38905459732849, 'A2', 'C2'),
('A3', 0.143, 0.0059272154522092, 'A2', 'C3'),
('A3', 9, 0.13846153846154, 'A2', 'C4'),
('A3', 1, 0.018746602178355, 'A3', 'C1'),
('A3', 1, 0.014705882352941, 'A3', 'C2'),
('A3', 1, 0.014492753623188, 'A3', 'C3'),
('A3', 1, 0.013698630136986, 'A3', 'C4'),
('A3', 9, 0.13235294117647, 'A4', 'C1'),
('A3', 9, 0.15976425896011, 'A4', 'C2'),
('A3', 9, 0.17529166585513, 'A4', 'C3'),
('A3', 9, 0.12328767123288, 'A4', 'C4'),
('A3', 9, 0.13235294117647, 'A5', 'C1'),
('A3', 9, 0.17142857142857, 'A5', 'C2'),
('A3', 9, 0.17438143031524, 'A5', 'C3'),
('A3', 9, 0.12328767123288, 'A5', 'C4'),
('A3', 9, 0.13235294117647, 'A6', 'C1'),
('A3', 9, 0.15, 'A6', 'C2'),
('A3', 9, 0.17197561767909, 'A6', 'C3'),
('A3', 9, 0.12328767123288, 'A6', 'C4'),
('A3', 5, 0.074626865671642, 'A7', 'C1'),
('A3', 9, 0.14285714285714, 'A7', 'C2'),
('A3', 9, 0.15789473684211, 'A7', 'C3'),
('A3', 9, 0.12328767123288, 'A7', 'C4'),
('A3', 7, 0.1044776119403, 'A8', 'C1'),
('A3', 9, 0.19848708731226, 'A8', 'C2'),
('A3', 9, 0.13432835820896, 'A8', 'C3'),
('A3', 9, 0.12328767123288, 'A8', 'C4'),
('A3', 9, 0.12328767123288, 'A9', 'C1'),
('A3', 9, 0.16206579871428, 'A9', 'C2'),
('A3', 9, 0.17241379310345, 'A9', 'C3'),
('A3', 9, 0.12328767123288, 'A9', 'C4'),
('A4', 0.25, 0.021860790486184, 'A1', 'C1'),
('A4', 3, 0.1833068556764, 'A1', 'C2'),
('A4', 7, 0.59818834387284, 'A1', 'C3'),
('A4', 9, 0.13846153846154, 'A1', 'C4'),
('A4', 9, 0.1304347826087, 'A2', 'C1'),
('A4', 0.2, 0.0086456577184109, 'A2', 'C2'),
('A4', 0.2, 0.0082898118212717, 'A2', 'C3'),
('A4', 9, 0.13846153846154, 'A2', 'C4'),
('A4', 9, 0.1687194196052, 'A3', 'C1'),
('A4', 9, 0.13235294117647, 'A3', 'C2'),
('A4', 9, 0.1304347826087, 'A3', 'C3'),
('A4', 9, 0.12328767123288, 'A3', 'C4'),
('A4', 1, 0.014705882352941, 'A4', 'C1'),
('A4', 1, 0.017751584328901, 'A4', 'C2'),
('A4', 1, 0.019476851761681, 'A4', 'C3'),
('A4', 1, 0.013698630136986, 'A4', 'C4'),
('A4', 9, 0.13235294117647, 'A5', 'C1'),
('A4', 9, 0.17142857142857, 'A5', 'C2'),
('A4', 9, 0.17438143031524, 'A5', 'C3'),
('A4', 9, 0.12328767123288, 'A5', 'C4'),
('A4', 9, 0.13235294117647, 'A6', 'C1'),
('A4', 9, 0.15, 'A6', 'C2'),
('A4', 9, 0.17197561767909, 'A6', 'C3'),
('A4', 9, 0.12328767123288, 'A6', 'C4'),
('A4', 9, 0.13432835820896, 'A7', 'C1'),
('A4', 9, 0.14285714285714, 'A7', 'C2'),
('A4', 9, 0.15789473684211, 'A7', 'C3'),
('A4', 9, 0.12328767123288, 'A7', 'C4'),
('A4', 9, 0.13432835820896, 'A8', 'C1'),
('A4', 9, 0.19848708731226, 'A8', 'C2'),
('A4', 9, 0.13432835820896, 'A8', 'C3'),
('A4', 9, 0.12328767123288, 'A8', 'C4'),
('A4', 9, 0.12328767123288, 'A9', 'C1'),
('A4', 0.2, 0.0036014621936506, 'A9', 'C2'),
('A4', 5, 0.095785440613027, 'A9', 'C3'),
('A4', 9, 0.12328767123288, 'A9', 'C4'),
('A5', 0.25, 0.021860790486184, 'A1', 'C1'),
('A5', 2, 0.12220457045093, 'A1', 'C2'),
('A5', 2, 0.17091095539224, 'A1', 'C3'),
('A5', 9, 0.13846153846154, 'A1', 'C4'),
('A5', 9, 0.1304347826087, 'A2', 'C1'),
('A5', 0.2, 0.0086456577184109, 'A2', 'C2'),
('A5', 0.2, 0.0082898118212717, 'A2', 'C3'),
('A5', 9, 0.13846153846154, 'A2', 'C4'),
('A5', 9, 0.1687194196052, 'A3', 'C1'),
('A5', 9, 0.13235294117647, 'A3', 'C2'),
('A5', 9, 0.1304347826087, 'A3', 'C3'),
('A5', 9, 0.12328767123288, 'A3', 'C4'),
('A5', 9, 0.13235294117647, 'A4', 'C1'),
('A5', 9, 0.15976425896011, 'A4', 'C2'),
('A5', 9, 0.17529166585513, 'A4', 'C3'),
('A5', 9, 0.12328767123288, 'A4', 'C4'),
('A5', 1, 0.014705882352941, 'A5', 'C1'),
('A5', 1, 0.019047619047619, 'A5', 'C2'),
('A5', 1, 0.019375714479471, 'A5', 'C3'),
('A5', 1, 0.013698630136986, 'A5', 'C4'),
('A5', 9, 0.13235294117647, 'A6', 'C1'),
('A5', 9, 0.15, 'A6', 'C2'),
('A5', 9, 0.17197561767909, 'A6', 'C3'),
('A5', 9, 0.12328767123288, 'A6', 'C4'),
('A5', 9, 0.13432835820896, 'A7', 'C1'),
('A5', 9, 0.14285714285714, 'A7', 'C2'),
('A5', 9, 0.15789473684211, 'A7', 'C3'),
('A5', 9, 0.12328767123288, 'A7', 'C4'),
('A5', 9, 0.13432835820896, 'A8', 'C1'),
('A5', 0.143, 0.0031537392761838, 'A8', 'C2'),
('A5', 9, 0.13432835820896, 'A8', 'C3'),
('A5', 9, 0.12328767123288, 'A8', 'C4'),
('A5', 9, 0.12328767123288, 'A9', 'C1'),
('A5', 0.333, 0.0059964345524283, 'A9', 'C2'),
('A5', 9, 0.17241379310345, 'A9', 'C3'),
('A5', 9, 0.12328767123288, 'A9', 'C4'),
('A6', 0.25, 0.021860790486184, 'A1', 'C1'),
('A6', 0.25, 0.015275571306367, 'A1', 'C2'),
('A6', 0.333, 0.028456674072808, 'A1', 'C3'),
('A6', 9, 0.13846153846154, 'A1', 'C4'),
('A6', 9, 0.1304347826087, 'A2', 'C1'),
('A6', 0.2, 0.0086456577184109, 'A2', 'C2'),
('A6', 0.333, 0.013802536682417, 'A2', 'C3'),
('A6', 9, 0.13846153846154, 'A2', 'C4'),
('A6', 9, 0.1687194196052, 'A3', 'C1'),
('A6', 9, 0.13235294117647, 'A3', 'C2'),
('A6', 9, 0.1304347826087, 'A3', 'C3'),
('A6', 9, 0.12328767123288, 'A3', 'C4'),
('A6', 9, 0.13235294117647, 'A4', 'C1'),
('A6', 9, 0.15976425896011, 'A4', 'C2'),
('A6', 9, 0.17529166585513, 'A4', 'C3'),
('A6', 9, 0.12328767123288, 'A4', 'C4'),
('A6', 9, 0.13235294117647, 'A5', 'C1'),
('A6', 9, 0.17142857142857, 'A5', 'C2'),
('A6', 9, 0.17438143031524, 'A5', 'C3'),
('A6', 9, 0.12328767123288, 'A5', 'C4'),
('A6', 1, 0.014705882352941, 'A6', 'C1'),
('A6', 1, 0.016666666666667, 'A6', 'C2'),
('A6', 1, 0.019108401964344, 'A6', 'C3'),
('A6', 1, 0.013698630136986, 'A6', 'C4'),
('A6', 9, 0.13432835820896, 'A7', 'C1'),
('A6', 9, 0.14285714285714, 'A7', 'C2'),
('A6', 9, 0.15789473684211, 'A7', 'C3'),
('A6', 9, 0.12328767123288, 'A7', 'C4'),
('A6', 9, 0.13432835820896, 'A8', 'C1'),
('A6', 0.2, 0.0044108241624948, 'A8', 'C2'),
('A6', 9, 0.13432835820896, 'A8', 'C3'),
('A6', 9, 0.12328767123288, 'A8', 'C4'),
('A6', 9, 0.12328767123288, 'A9', 'C1'),
('A6', 9, 0.16206579871428, 'A9', 'C2'),
('A6', 3, 0.057471264367816, 'A9', 'C3'),
('A6', 9, 0.12328767123288, 'A9', 'C4'),
('A7', 0.143, 0.012504372158097, 'A1', 'C1'),
('A7', 0.2, 0.012220457045093, 'A1', 'C2'),
('A7', 0.5, 0.04272773884806, 'A1', 'C3'),
('A7', 9, 0.13846153846154, 'A1', 'C4'),
('A7', 9, 0.1304347826087, 'A2', 'C1'),
('A7', 0.333, 0.014395020101154, 'A2', 'C2'),
('A7', 0.25, 0.01036226477659, 'A2', 'C3'),
('A7', 9, 0.13846153846154, 'A2', 'C4'),
('A7', 0.2, 0.003749320435671, 'A3', 'C1'),
('A7', 9, 0.13235294117647, 'A3', 'C2'),
('A7', 9, 0.1304347826087, 'A3', 'C3'),
('A7', 9, 0.12328767123288, 'A3', 'C4'),
('A7', 9, 0.13235294117647, 'A4', 'C1'),
('A7', 9, 0.15976425896011, 'A4', 'C2'),
('A7', 9, 0.17529166585513, 'A4', 'C3'),
('A7', 9, 0.12328767123288, 'A4', 'C4'),
('A7', 9, 0.13235294117647, 'A5', 'C1'),
('A7', 9, 0.17142857142857, 'A5', 'C2'),
('A7', 9, 0.17438143031524, 'A5', 'C3'),
('A7', 9, 0.12328767123288, 'A5', 'C4'),
('A7', 9, 0.13235294117647, 'A6', 'C1'),
('A7', 9, 0.15, 'A6', 'C2'),
('A7', 9, 0.17197561767909, 'A6', 'C3'),
('A7', 9, 0.12328767123288, 'A6', 'C4'),
('A7', 1, 0.014925373134328, 'A7', 'C1'),
('A7', 1, 0.015873015873016, 'A7', 'C2'),
('A7', 1, 0.017543859649123, 'A7', 'C3'),
('A7', 1, 0.013698630136986, 'A7', 'C4'),
('A7', 9, 0.13432835820896, 'A8', 'C1'),
('A7', 9, 0.19848708731226, 'A8', 'C2'),
('A7', 9, 0.13432835820896, 'A8', 'C3'),
('A7', 9, 0.12328767123288, 'A8', 'C4'),
('A7', 9, 0.12328767123288, 'A9', 'C1'),
('A7', 9, 0.16206579871428, 'A9', 'C2'),
('A7', 0.2, 0.0038314176245211, 'A9', 'C3'),
('A7', 9, 0.12328767123288, 'A9', 'C4'),
('A8', 0.2, 0.017488632388947, 'A1', 'C1'),
('A8', 0.333, 0.020347060980081, 'A1', 'C2'),
('A8', 0.333, 0.028456674072808, 'A1', 'C3'),
('A8', 9, 0.13846153846154, 'A1', 'C4'),
('A8', 9, 0.1304347826087, 'A2', 'C1'),
('A8', 0.2, 0.0086456577184109, 'A2', 'C2'),
('A8', 9, 0.37304153195722, 'A2', 'C3'),
('A8', 9, 0.13846153846154, 'A2', 'C4'),
('A8', 0.143, 0.0026807641115048, 'A3', 'C1'),
('A8', 9, 0.13235294117647, 'A3', 'C2'),
('A8', 9, 0.1304347826087, 'A3', 'C3'),
('A8', 9, 0.12328767123288, 'A3', 'C4'),
('A8', 9, 0.13235294117647, 'A4', 'C1'),
('A8', 9, 0.15976425896011, 'A4', 'C2'),
('A8', 9, 0.17529166585513, 'A4', 'C3'),
('A8', 9, 0.12328767123288, 'A4', 'C4'),
('A8', 9, 0.13235294117647, 'A5', 'C1'),
('A8', 7, 0.13333333333333, 'A5', 'C2'),
('A8', 9, 0.17438143031524, 'A5', 'C3'),
('A8', 9, 0.12328767123288, 'A5', 'C4'),
('A8', 9, 0.13235294117647, 'A6', 'C1'),
('A8', 5, 0.083333333333333, 'A6', 'C2'),
('A8', 9, 0.17197561767909, 'A6', 'C3'),
('A8', 9, 0.12328767123288, 'A6', 'C4'),
('A8', 9, 0.13432835820896, 'A7', 'C1'),
('A8', 9, 0.14285714285714, 'A7', 'C2'),
('A8', 9, 0.15789473684211, 'A7', 'C3'),
('A8', 9, 0.12328767123288, 'A7', 'C4'),
('A8', 1, 0.014925373134328, 'A8', 'C1'),
('A8', 1, 0.022054120812474, 'A8', 'C2'),
('A8', 1, 0.014925373134328, 'A8', 'C3'),
('A8', 1, 0.013698630136986, 'A8', 'C4'),
('A8', 9, 0.12328767123288, 'A9', 'C1'),
('A8', 9, 0.16206579871428, 'A9', 'C2'),
('A8', 9, 0.17241379310345, 'A9', 'C3'),
('A8', 9, 0.12328767123288, 'A9', 'C4'),
('A9', 9, 0.78698845750262, 'A1', 'C1'),
('A9', 9, 0.54992056702921, 'A1', 'C2'),
('A9', 0.143, 0.012220133310545, 'A1', 'C3'),
('A9', 9, 0.13846153846154, 'A1', 'C4'),
('A9', 9, 0.1304347826087, 'A2', 'C1'),
('A9', 9, 0.38905459732849, 'A2', 'C2'),
('A9', 9, 0.37304153195722, 'A2', 'C3'),
('A9', 9, 0.13846153846154, 'A2', 'C4'),
('A9', 9, 0.1687194196052, 'A3', 'C1'),
('A9', 9, 0.13235294117647, 'A3', 'C2'),
('A9', 9, 0.1304347826087, 'A3', 'C3'),
('A9', 9, 0.12328767123288, 'A3', 'C4'),
('A9', 9, 0.13235294117647, 'A4', 'C1'),
('A9', 5, 0.088757921644507, 'A4', 'C2'),
('A9', 0.2, 0.0038953703523362, 'A4', 'C3'),
('A9', 9, 0.12328767123288, 'A4', 'C4'),
('A9', 9, 0.13235294117647, 'A5', 'C1'),
('A9', 3, 0.057142857142857, 'A5', 'C2'),
('A9', 0.111, 0.0021507043072213, 'A5', 'C3'),
('A9', 9, 0.12328767123288, 'A5', 'C4'),
('A9', 9, 0.13235294117647, 'A6', 'C1'),
('A9', 9, 0.15, 'A6', 'C2'),
('A9', 0.333, 0.0063630978541265, 'A6', 'C3'),
('A9', 9, 0.12328767123288, 'A6', 'C4'),
('A9', 9, 0.13432835820896, 'A7', 'C1'),
('A9', 9, 0.14285714285714, 'A7', 'C2'),
('A9', 5, 0.087719298245614, 'A7', 'C3'),
('A9', 9, 0.12328767123288, 'A7', 'C4'),
('A9', 9, 0.13432835820896, 'A8', 'C1'),
('A9', 9, 0.19848708731226, 'A8', 'C2'),
('A9', 9, 0.13432835820896, 'A8', 'C3'),
('A9', 9, 0.12328767123288, 'A8', 'C4'),
('A9', 1, 0.013698630136986, 'A9', 'C1'),
('A9', 1, 0.018007310968253, 'A9', 'C2'),
('A9', 1, 0.019157088122605, 'A9', 'C3'),
('A9', 1, 0.013698630136986, 'A9', 'C4');

-- --------------------------------------------------------

--
-- Table structure for table `ahp_analisa_kriteria`
--

CREATE TABLE `ahp_analisa_kriteria` (
  `kriteria_pertama` varchar(2) NOT NULL,
  `nilai_analisa_kriteria` double NOT NULL,
  `hasil_analisa_kriteria` double NOT NULL,
  `kriteria_kedua` varchar(2) NOT NULL
) ENGINE=InnoDB DEFAULT CHARSET=latin1;

--
-- Dumping data for table `ahp_analisa_kriteria`
--

INSERT INTO `ahp_analisa_kriteria` (`kriteria_pertama`, `nilai_analisa_kriteria`, `hasil_analisa_kriteria`, `kriteria_kedua`) VALUES
('C1', 1, 0.60864272671942, 'C1'),
('C1', 7, 0.26923076923077, 'C2'),
('C1', 4, 0.17391304347826, 'C3'),
('C1', 4, 0.17391304347826, 'C4'),
('C2', 0.143, 0.087035909920876, 'C1'),
('C2', 1, 0.038461538461538, 'C2'),
('C2', 9, 0.39130434782609, 'C3'),
('C2', 9, 0.39130434782609, 'C4'),
('C3', 0.25, 0.15216068167985, 'C1'),
('C3', 9, 0.34615384615385, 'C2'),
('C3', 1, 0.043478260869565, 'C3'),
('C3', 9, 0.39130434782609, 'C4'),
('C4', 0.25, 0.15216068167985, 'C1'),
('C4', 9, 0.34615384615385, 'C2'),
('C4', 9, 0.39130434782609, 'C3'),
('C4', 1, 0.043478260869565, 'C4');

-- --------------------------------------------------------

--
-- Table structure for table `ahp_data_alternatif`
--

CREATE TABLE `ahp_data_alternatif` (
  `id_alternatif` varchar(10) CHARACTER SET latin1 COLLATE latin1_swedish_ci NOT NULL,
  `nama_alternatif` varchar(45) NOT NULL,
  `hasil_akhir` double NOT NULL
) ENGINE=InnoDB DEFAULT CHARSET=latin1;

--
-- Dumping data for table `ahp_data_alternatif`
--

INSERT INTO `ahp_data_alternatif` (`id_alternatif`, `nama_alternatif`, `hasil_akhir`) VALUES
('A1', 'Mazaya Absharina Abdillah', 0.082005801558058),
('A2', 'Eka Anita Puji Rahayu ', 0.097167669610823),
('A3', 'Dyah Lutfia Aziza', 0.11784220072555),
('A4', 'Tarisa Elvira Trisna', 0.12457071254262),
('A5', 'NEVADA FEBI OVELIA', 0.10883332293512),
('A6', 'Laili Neni Susanti', 0.10411183969888),
('A7', 'AULIA RAKHMA WIBOWO', 0.10245528524701),
('A8', 'YOHANES SIGIT PUJI WAHYU NUGROHO', 0.11270160152308),
('A9', 'Yonaria Sastifai Al Izza', 0.15031156615887);

-- --------------------------------------------------------

--
-- Table structure for table `ahp_data_kriteria`
--

CREATE TABLE `ahp_data_kriteria` (
  `id_kriteria` varchar(10) CHARACTER SET latin1 COLLATE latin1_swedish_ci NOT NULL,
  `nama_kriteria` varchar(45) NOT NULL,
  `jumlah_kriteria` double NOT NULL,
  `bobot_kriteria` double NOT NULL
) ENGINE=InnoDB DEFAULT CHARSET=latin1;

--
-- Dumping data for table `ahp_data_kriteria`
--

INSERT INTO `ahp_data_kriteria` (`id_kriteria`, `nama_kriteria`, `jumlah_kriteria`, `bobot_kriteria`) VALUES
('C1', 'Sikap dan Etika', 1.643, 0.30642489572668),
('C2', 'Kerjasama Tim', 26, 0.22702653600865),
('C3', 'Kedisiplinan', 23, 0.23327428413234),
('C4', 'Royalitas Dalam Organisasi', 23, 0.23327428413234);

-- --------------------------------------------------------

--
-- Table structure for table `ahp_jum_alt_kri`
--

CREATE TABLE `ahp_jum_alt_kri` (
  `id_alternatif` varchar(2) NOT NULL,
  `id_kriteria` varchar(2) NOT NULL,
  `jumlah_alt_kri` double NOT NULL,
  `skor_alt_kri` double NOT NULL,
  `hasil_alt_kri` double NOT NULL
) ENGINE=InnoDB DEFAULT CHARSET=latin1;

--
-- Dumping data for table `ahp_jum_alt_kri`
--

INSERT INTO `ahp_jum_alt_kri` (`id_alternatif`, `id_kriteria`, `jumlah_alt_kri`, `skor_alt_kri`, `hasil_alt_kri`) VALUES
('A1', 'C1', 11.436, 0.085555098043254, 0.02621621199679),
('A1', 'C2', 16.366, 0.071033963855797, 0.016126594753145),
('A1', 'C3', 11.702, 0.070718077553114, 0.016496708916418),
('A1', 'C4', 65, 0.09930921437771, 0.023166285891705),
('A2', 'C1', 69, 0.10996711297751, 0.033696661127498),
('A2', 'C2', 23.133, 0.087023676817804, 0.019756683898682),
('A2', 'C3', 24.126, 0.088085314544489, 0.020548038692938),
('A2', 'C4', 65, 0.09930921437771, 0.023166285891705),
('A3', 'C1', 53.343, 0.095681858813265, 0.02931930360979),
('A3', 'C2', 68, 0.1559598789178, 0.035407031067037),
('A3', 'C3', 69, 0.11321396715444, 0.026409907141734),
('A3', 'C4', 73, 0.11448308160637, 0.02670595890699),
('A4', 'C1', 68, 0.11026346056186, 0.033787469405131),
('A4', 'C2', 56.333, 0.11204792252131, 0.025437851716979),
('A4', 'C3', 51.343, 0.16563948596921, 0.038639432513516),
('A4', 'C4', 73, 0.11448308160637, 0.02670595890699),
('A5', 'C1', 68, 0.11026346056186, 0.033787469405131),
('A5', 'C2', 52.5, 0.082669151559921, 0.018768091113423),
('A5', 'C3', 51.611, 0.12676838177671, 0.029571803509577),
('A5', 'C4', 73, 0.11448308160637, 0.02670595890699),
('A6', 'C1', 68, 0.11026346056186, 0.033787469405131),
('A6', 'C2', 60, 0.090385270332279, 0.020519854829743),
('A6', 'C3', 52.333, 0.099018872324169, 0.023098556557012),
('A6', 'C4', 73, 0.11448308160637, 0.02670595890699),
('A7', 'C1', 67, 0.090698744589783, 0.027792353353465),
('A7', 'C2', 63, 0.11295412784566, 0.025643584372678),
('A7', 'C3', 57, 0.095653015062824, 0.02231338861388),
('A7', 'C4', 73, 0.11448308160637, 0.02670595890699),
('A8', 'C1', 67, 0.091133822801637, 0.027925672149165),
('A8', 'C2', 45.343, 0.096083738653959, 0.021813558353369),
('A8', 'C3', 67, 0.15542395617423, 0.03625641211356),
('A8', 'C4', 73, 0.11448308160637, 0.02670595890699),
('A9', 'C1', 73, 0.19617298108898, 0.060112285274583),
('A9', 'C2', 55.533, 0.19184226949547, 0.043553285903594),
('A9', 'C3', 52.2, 0.085478929440814, 0.019940036073705),
('A9', 'C4', 73, 0.11448308160637, 0.02670595890699);

-- --------------------------------------------------------

--
-- Table structure for table `ahp_nilai`
--

CREATE TABLE `ahp_nilai` (
  `id_nilai` int NOT NULL,
  `jum_nilai` double NOT NULL,
  `ket_nilai` text NOT NULL
) ENGINE=InnoDB DEFAULT CHARSET=latin1;

--
-- Dumping data for table `ahp_nilai`
--

INSERT INTO `ahp_nilai` (`id_nilai`, `jum_nilai`, `ket_nilai`) VALUES
(2, 9, ' Mutlak lebih penting dari'),
(3, 7, ' Sangat Penting dari'),
(8, 5, 'Lebih Penting dari'),
(11, 4, 'Nilai Tengah'),
(12, 3, 'Sedikit lebih penting dari'),
(13, 2, 'Mendekati sedikit lebih penting dari'),
(14, 1, 'Sama penting dengan'),
(15, 0.5, '1 bagi mendekati sedikit lebih penting dari'),
(16, 0.333, '1 bagi sedikit lebih penting dari'),
(17, 0.25, '1 bagi mendekati lebih penting dari'),
(18, 0.2, '1 bagi lebih penting dari'),
(20, 0.143, '1 bagi sangat penting dari'),
(22, 0.111, '1 bagi mutlak sangat penting dari');

-- --------------------------------------------------------

--
-- Table structure for table `ahp_pengguna`
--

CREATE TABLE `ahp_pengguna` (
  `id_pengguna` int NOT NULL,
  `nama_lengkap` varchar(255) NOT NULL,
  `username` varchar(100) NOT NULL,
  `password` varchar(100) NOT NULL
) ENGINE=InnoDB DEFAULT CHARSET=latin1;

--
-- Dumping data for table `ahp_pengguna`
--

INSERT INTO `ahp_pengguna` (`id_pengguna`, `nama_lengkap`, `username`, `password`) VALUES
(1, 'Kelompok 7', 'admin', '$2y$10$lcI1PU9LzMn9peWGmNqBrul5QcplRtaSLsBMjwgLx6jLX2pdvS0zG');

-- --------------------------------------------------------

--
-- Table structure for table `ahp_rangking`
--

CREATE TABLE `ahp_rangking` (
  `kriteria` varchar(2) NOT NULL,
  `skor_bobot` double NOT NULL,
  `alternatif` varchar(2) NOT NULL
) ENGINE=InnoDB DEFAULT CHARSET=latin1;

--
-- Indexes for dumped tables
--

--
-- Indexes for table `ahp_analisa_alternatif`
--
ALTER TABLE `ahp_analisa_alternatif`
  ADD PRIMARY KEY (`alternatif_pertama`,`alternatif_kedua`,`id_kriteria`);

--
-- Indexes for table `ahp_data_alternatif`
--
ALTER TABLE `ahp_data_alternatif`
  ADD PRIMARY KEY (`id_alternatif`);

--
-- Indexes for table `ahp_data_kriteria`
--
ALTER TABLE `ahp_data_kriteria`
  ADD PRIMARY KEY (`id_kriteria`);

--
-- Indexes for table `ahp_jum_alt_kri`
--
ALTER TABLE `ahp_jum_alt_kri`
  ADD PRIMARY KEY (`id_alternatif`,`id_kriteria`);

--
-- Indexes for table `ahp_nilai`
--
ALTER TABLE `ahp_nilai`
  ADD PRIMARY KEY (`id_nilai`);

--
-- Indexes for table `ahp_pengguna`
--
ALTER TABLE `ahp_pengguna`
  ADD PRIMARY KEY (`id_pengguna`);

--
-- Indexes for table `ahp_rangking`
--
ALTER TABLE `ahp_rangking`
  ADD PRIMARY KEY (`kriteria`,`alternatif`);

--
-- AUTO_INCREMENT for dumped tables
--

--
-- AUTO_INCREMENT for table `ahp_nilai`
--
ALTER TABLE `ahp_nilai`
  MODIFY `id_nilai` int NOT NULL AUTO_INCREMENT, AUTO_INCREMENT=23;

--
-- AUTO_INCREMENT for table `ahp_pengguna`
--
ALTER TABLE `ahp_pengguna`
  MODIFY `id_pengguna` int NOT NULL AUTO_INCREMENT, AUTO_INCREMENT=3;
COMMIT;

/*!40101 SET CHARACTER_SET_CLIENT=@OLD_CHARACTER_SET_CLIENT */;
/*!40101 SET CHARACTER_SET_RESULTS=@OLD_CHARACTER_SET_RESULTS */;
/*!40101 SET COLLATION_CONNECTION=@OLD_COLLATION_CONNECTION */;
